<?xml version='1.0' encoding='UTF-8'?>
<package version="1.0.5" uuid="biz_market_pcpromotion_receptionguide">
 <names>
  <name lang="en_US">ReceptionGuide</name>
  <name lang="en_US-x-scrald">ReceptionGuide</name>
  <name lang="ja_JP">商品受け取りご案内</name>
  <name lang="ja_JP-x-scrald">商品受け取りご案内</name>
 </names>
 <descriptions>
  <description lang="ja_JP">商品受け取りのご案内をおこなうサンプルアプリです。</description>
  <description lang="ja_JP-x-scrald">商品受け取りのご案内をおこなうサンプルアプリです。</description>
 </descriptions>
 <supportedLanguages>
  <language>ja_JP</language>
 </supportedLanguages>
 <descriptionLanguages>
  <language>ja_JP</language>
  <language>en_US</language>
 </descriptionLanguages>
 <contents>
  <behaviorContent path="interactive">
   <nature>interactive</nature>
   <names>
    <name lang="en_US">ReceptionGuide</name>
    <name lang="en_US-x-scrald">ReceptionGuide</name>
    <name lang="ja_JP">商品受け取りご案内</name>
    <name lang="ja_JP-x-scrald">商品受け取りご案内</name>
   </names>
   <permissions/>
  </behaviorContent>
 </contents>
 <requirements>
  <naoqiRequirement maxVersion="2" minVersion="2.4"/>
  <robotRequirement model="JULIETTE_Y20"/>
 </requirements>
</package>
