<?xml version='1.0' encoding='UTF-8'?>
<package uuid="receptionistapp5-024390" version="0.0.1">
 <names>
  <name lang="en_US">ReceptionistApp</name>
  <name lang="ja_JP">受付ペッパー</name>
 </names>
 <descriptions>
  <description lang="ja_JP">受付サンプルアプリです。</description>
 </descriptions>
 <supportedLanguages>
  <language>ja_JP</language>
 </supportedLanguages>
 <descriptionLanguages>
  <language>ja_JP</language>
 </descriptionLanguages>
 <contents>
  <behaviorContent path="interactive">
   <userRequestable/>
   <nature>interactive</nature>
   <names>
    <name lang="ja_JP">メインアクティビティ</name>
   </names>
   <descriptions>
    <description lang="ja_JP">メインとなるアクティビティです。</description>
   </descriptions>
   <triggerSentences>
    <sentence lang="ja_JP">受付</sentence>
    <sentence lang="ja_JP">うけつけ</sentence>
   </triggerSentences>
   <permissions/>
  </behaviorContent>
 </contents>
 <requirements>
  <naoqiRequirement minVersion="2.3"/>
  <robotRequirement model="JULIETTE"/>
 </requirements>
</package>
